-- MySQL dump 10.13  Distrib 5.7.44, for Linux (x86_64)
--
-- Host: localhost    Database: tongoj_db
-- ------------------------------------------------------
-- Server version	5.7.44-log

/*!40101 SET @OLD_CHARACTER_SET_CLIENT=@@CHARACTER_SET_CLIENT */;
/*!40101 SET @OLD_CHARACTER_SET_RESULTS=@@CHARACTER_SET_RESULTS */;
/*!40101 SET @OLD_COLLATION_CONNECTION=@@COLLATION_CONNECTION */;
/*!40101 SET NAMES utf8 */;
/*!40103 SET @OLD_TIME_ZONE=@@TIME_ZONE */;
/*!40103 SET TIME_ZONE='+00:00' */;
/*!40014 SET @OLD_UNIQUE_CHECKS=@@UNIQUE_CHECKS, UNIQUE_CHECKS=0 */;
/*!40014 SET @OLD_FOREIGN_KEY_CHECKS=@@FOREIGN_KEY_CHECKS, FOREIGN_KEY_CHECKS=0 */;
/*!40101 SET @OLD_SQL_MODE=@@SQL_MODE, SQL_MODE='NO_AUTO_VALUE_ON_ZERO' */;
/*!40111 SET @OLD_SQL_NOTES=@@SQL_NOTES, SQL_NOTES=0 */;

--
-- Table structure for table `question`
--

DROP TABLE IF EXISTS `question`;
/*!40101 SET @saved_cs_client     = @@character_set_client */;
/*!40101 SET character_set_client = utf8 */;
CREATE TABLE `question` (
  `id` bigint(20) NOT NULL AUTO_INCREMENT COMMENT 'id',
  `title` varchar(512) COLLATE utf8mb4_unicode_ci DEFAULT NULL COMMENT '标题',
  `content` text COLLATE utf8mb4_unicode_ci COMMENT '内容',
  `tags` varchar(1024) COLLATE utf8mb4_unicode_ci DEFAULT NULL COMMENT '标签列表（json 数组）',
  `answer` text COLLATE utf8mb4_unicode_ci COMMENT '题目答案',
  `submitNum` int(11) NOT NULL DEFAULT '0' COMMENT '题目提交数',
  `acceptedNum` int(11) NOT NULL DEFAULT '0' COMMENT '题目通过数',
  `judgeCase` text COLLATE utf8mb4_unicode_ci COMMENT '判题用例（json 数组）',
  `judgeConfig` text COLLATE utf8mb4_unicode_ci COMMENT '判题配置（json 对象）',
  `thumbNum` int(11) NOT NULL DEFAULT '0' COMMENT '点赞数',
  `favourNum` int(11) NOT NULL DEFAULT '0' COMMENT '收藏数',
  `userId` bigint(20) NOT NULL COMMENT '创建用户 id',
  `createTime` datetime NOT NULL DEFAULT CURRENT_TIMESTAMP COMMENT '创建时间',
  `updateTime` datetime NOT NULL DEFAULT CURRENT_TIMESTAMP ON UPDATE CURRENT_TIMESTAMP COMMENT '更新时间',
  `isDelete` tinyint(4) NOT NULL DEFAULT '0' COMMENT '是否删除',
  PRIMARY KEY (`id`),
  KEY `idx_userId` (`userId`)
) ENGINE=InnoDB AUTO_INCREMENT=1788436027191443459 DEFAULT CHARSET=utf8mb4 COLLATE=utf8mb4_unicode_ci COMMENT='题目';
/*!40101 SET character_set_client = @saved_cs_client */;

--
-- Dumping data for table `question`
--

LOCK TABLES `question` WRITE;
/*!40000 ALTER TABLE `question` DISABLE KEYS */;
INSERT INTO `question` VALUES (1788419717677973506,'两数之和','从args中取出两个int类型的整数A、B，在控制台输出A+B','[\"简单\"]','public class Main {\n    public static void main(String[] args) {\n        int a = Integer.parseInt(args[0]);\n        int b = Integer.parseInt(args[1]);\n        System.out.println(a + b);\n    }\n}',9,6,'[{\"input\":\"2 4\",\"output\":\"6\"},{\"input\":\"-2 4\",\"output\":\"2\"},{\"input\":\"0 -5\",\"output\":\"-5\"},{\"input\":\"0 0\",\"output\":\"0\"}]','{\"timeLimit\":5000,\"memoryLimit\":50000,\"stackLimit\":1000}',0,0,1788084197743726594,'2024-05-09 12:04:22','2024-05-27 15:05:12',0),(1788435930848280578,'数的幂','从args中取出两个int类型的整数A、B，在控制台输出A的B次幂','[\"简单\"]','public class Main {\n    public static void main(String[] args) {\n        int a = Integer.parseInt(args[0]);\n        int b = Integer.parseInt(args[1]);\n        System.out.println(Math.pow(a, b));\n    }\n}',6,4,'[{\"input\":\"2 5\",\"output\":\"32.0\"},{\"input\":\"2 -1\",\"output\":\"0.5\"},{\"input\":\"2 0\",\"output\":\"1.0\"}]','{\"timeLimit\":1000,\"memoryLimit\":10000,\"stackLimit\":1000}',0,0,1788084197743726594,'2024-05-09 13:08:48','2024-05-16 13:30:51',0),(1788436027191443458,'算术平方根','从args中取出int类型的整数A，在控制台输出A的算术平方根（结果四舍五入到整数）','[\"栈\",\"简单\"]','public class Main {\n    public static void main(String[] args) {\n        int a = Integer.parseInt(args[0]);\n        System.out.println(Math.round(Math.sqrt(a)));\n    }\n}',3,1,'[{\"input\":\"25\",\"output\":\"5\"},{\"input\":\"0\",\"output\":\"0\"},{\"input\":\"20\",\"output\":\"4\"},{\"input\":\"22\",\"output\":\"5\"}]','{\"timeLimit\":1000,\"memoryLimit\":10000,\"stackLimit\":1000}',0,0,1788084197743726594,'2024-05-09 13:09:11','2024-05-16 13:30:51',0);
/*!40000 ALTER TABLE `question` ENABLE KEYS */;
UNLOCK TABLES;

--
-- Table structure for table `question_submit`
--

DROP TABLE IF EXISTS `question_submit`;
/*!40101 SET @saved_cs_client     = @@character_set_client */;
/*!40101 SET character_set_client = utf8 */;
CREATE TABLE `question_submit` (
  `id` bigint(20) NOT NULL AUTO_INCREMENT COMMENT 'id',
  `language` varchar(128) NOT NULL COMMENT '编程语言',
  `code` text NOT NULL COMMENT '用户代码',
  `judgeInfo` text COMMENT '判题信息（json 对象）',
  `status` int(11) NOT NULL DEFAULT '0' COMMENT '判题状态（0 - 待判题、1 - 判题中、2 - 成功、3 - 失败）',
  `questionId` bigint(20) NOT NULL COMMENT '题目 id',
  `userId` bigint(20) NOT NULL COMMENT '创建用户 id',
  `createTime` datetime NOT NULL DEFAULT CURRENT_TIMESTAMP COMMENT '创建时间',
  `updateTime` datetime NOT NULL DEFAULT CURRENT_TIMESTAMP ON UPDATE CURRENT_TIMESTAMP COMMENT '更新时间',
  `isDelete` tinyint(4) NOT NULL DEFAULT '0' COMMENT '是否删除',
  PRIMARY KEY (`id`),
  KEY `idx_questionId` (`questionId`),
  KEY `idx_userId` (`userId`)
) ENGINE=InnoDB AUTO_INCREMENT=1794998660166070275 DEFAULT CHARSET=utf8 COMMENT='题目提交';
/*!40101 SET character_set_client = @saved_cs_client */;

--
-- Dumping data for table `question_submit`
--

LOCK TABLES `question_submit` WRITE;
/*!40000 ALTER TABLE `question_submit` DISABLE KEYS */;
INSERT INTO `question_submit` VALUES (1788424474765299714,'java','a+b','{}',0,1788419717677973506,1788084197743726594,'2024-05-09 12:23:16','2024-05-09 12:23:16',0),(1788436144791339009,'java','a ^ b','{}',0,1788435930848280578,1788436724121190402,'2024-05-09 13:09:39','2024-05-09 13:13:46',0),(1788436522685546498,'java','a * a >  b : a ? b','{}',0,1788436027191443458,1788436724121190402,'2024-05-09 13:11:09','2024-05-09 13:13:40',0),(1788819103134355458,'java','public class Main{\r\n    public static void main(String[] args){\r\n        System.out.println(args);\r\n    }\r\n}','{}',0,1788419717677973506,1788084197743726594,'2024-05-10 14:31:23','2024-05-10 14:31:23',0),(1789139084497657857,'java','test submit java code','{}',1,1788419717677973506,1788084197743726594,'2024-05-11 11:42:53','2024-05-11 11:42:53',0),(1789140297976946690,'java','test judgeService','{}',1,1788435930848280578,1788084197743726594,'2024-05-11 11:47:42','2024-05-11 11:47:42',0),(1789141558864388098,'java','test judgeService','{\"message\":\"Wrong Answer\",\"time\":100,\"memory\":100}',2,1788436027191443458,1788084197743726594,'2024-05-11 11:52:42','2024-05-11 11:52:42',0),(1790642154633187330,'java','public class Main {\r\n    public static void main(String[] args) {\r\n        int a = Integer.parseInt(args[0]);\r\n        int b = Integer.parseInt(args[1]);\r\n        System.out.println(a + b);\r\n    }\r\n}','{}',1,1788419717677973506,1788084197743726594,'2024-05-15 15:15:32','2024-05-15 15:15:32',0),(1790644893941518338,'java','public class Main {\r\n    public static void main(String[] args) {\r\n        int a = Integer.parseInt(args[0]);\r\n        int b = Integer.parseInt(args[1]);\r\n        System.out.println(a + b);\r\n    }\r\n}','{}',1,1788419717677973506,1788084197743726594,'2024-05-15 15:26:25','2024-05-15 15:26:25',0),(1790645465633619970,'java','public class Main {\r\n    public static void main(String[] args) {\r\n        int a = Integer.parseInt(args[0]);\r\n        int b = Integer.parseInt(args[1]);\r\n        System.out.println(a + b);\r\n    }\r\n}','{}',1,1788419717677973506,1788084197743726594,'2024-05-15 15:28:42','2024-05-15 15:28:42',0),(1790647248082702337,'java','public class Main {\r\n    public static void main(String[] args) {\r\n        int a = Integer.parseInt(args[0]);\r\n        int b = Integer.parseInt(args[1]);\r\n        System.out.println(a + b);\r\n    }\r\n}','{}',1,1788419717677973506,1788084197743726594,'2024-05-15 15:35:47','2024-05-15 15:35:47',0),(1790647443495325697,'java','public class Main {\r\n    public static void main(String[] args) {\r\n        int a = Integer.parseInt(args[0]);\r\n        int b = Integer.parseInt(args[1]);\r\n        System.out.println(a + b);\r\n    }\r\n}','{}',1,1788419717677973506,1788084197743726594,'2024-05-15 15:36:33','2024-05-15 15:36:33',0),(1790648193441079297,'java','public class Main {\r\n    public static void main(String[] args) {\r\n        int a = Integer.parseInt(args[0]);\r\n        int b = Integer.parseInt(args[1]);\r\n        System.out.println(a + b);\r\n    }\r\n}','{\"message\":\"Accepted\",\"time\":130}',2,1788419717677973506,1788084197743726594,'2024-05-15 15:39:32','2024-05-15 15:39:33',0),(1790649230277222402,'java','public class Main {\r\n    public static void main(String[] args) {\r\n        int a = Integer.parseInt(args[0]);\r\n        int b = Integer.parseInt(args[1]);\r\n        System.out.println(a + b);\r\n    }\r\n}','{\"message\":\"Accepted\",\"time\":137}',2,1788419717677973506,1788084197743726594,'2024-05-15 15:43:39','2024-05-15 15:43:40',0),(1790649762798641154,'java','public class Main {\r\n    public static void main(String[] args) {\r\n        int a = Integer.parseInt(args[0]);\r\n        int b = Integer.parseInt(args[1]);\r\n        System.out.println(a  b);\r\n    }\r\n}','{}',1,1788419717677973506,1788084197743726594,'2024-05-15 15:45:46','2024-05-15 15:45:46',0),(1790649998568857602,'java','public class Main {\r\n    public static void main(String[] args) {\r\n        int a = Integer.parseInt(args[0]);\r\n        int b = Integer.parseInt(args[1]);\r\n        System.out.println(a * b);\r\n    }\r\n}','{\"message\":\"Wrong Answer\",\"time\":143}',2,1788419717677973506,1788084197743726594,'2024-05-15 15:46:42','2024-05-15 15:46:43',0),(1790650167314096129,'java','public class Main {\r\n    public static void main(String[] args) {\r\n        int a = Integer.parseInt(args[0]);\r\n        int b = Integer.parseInt(args[1]);\r\n        System.out.println(a * b);\r\n    }\r\n}','{\"message\":\"Wrong Answer\",\"time\":133}',2,1788435930848280578,1788084197743726594,'2024-05-15 15:47:23','2024-05-15 15:47:23',0),(1790652480783130625,'java','public class Main {\n    public static void main(String[] args) {\n        int a = Integer.parseInt(args[0]);\n        int b = Integer.parseInt(args[1]);\n        System.out.println(a + b);\n    }\n}','{\"message\":\"Accepted\",\"time\":137}',2,1788419717677973506,1788084197743726594,'2024-05-15 15:56:34','2024-05-15 15:56:35',0),(1790655227918032897,'java','/**\n * 示例代码\n */\npublic class Main {\n    public static void main(String[] args) {\n        int a = Integer.parseInt(args[0]);\n        int b = Integer.parseInt(args[1]);\n        System.out.println(a + b);\n    }\n}','{\"message\":\"Accepted\",\"time\":148}',2,1788419717677973506,1788084197743726594,'2024-05-15 16:07:29','2024-05-15 16:07:30',0),(1790657252722483201,'java','public class Main {\n    public static void main(String[] args) {\n        int a = Integer.parseInt(args[0]);\n        int b = Integer.parseInt(args[1]);\n        System.out.println(Math.pow(a, b));\n    }\n}','{\"message\":\"Wrong Answer\",\"time\":168}',2,1788435930848280578,1788084197743726594,'2024-05-15 16:15:32','2024-05-15 16:15:33',0),(1790657455697436673,'java','public class Main {\n    public static void main(String[] args) {\n        int a = Integer.parseInt(args[0]);\n        int b = Integer.parseInt(args[1]);\n        System.out.println(Math.pow(a, b));\n    }\n}','{\"message\":\"Accepted\",\"time\":146}',2,1788435930848280578,1788084197743726594,'2024-05-15 16:16:20','2024-05-15 16:16:21',0),(1790659012421791746,'java','public class Main {\n    public static void main(String[] args) {\n        int a = Integer.parseInt(args[0]);\n        int b = Integer.parseInt(args[1]);\n        System.out.println(Math.pow(a, b));\n    }\n}','{}',1,1788435930848280578,1788084197743726594,'2024-05-15 16:22:32','2024-05-15 16:22:32',0),(1790659184220483586,'java','public class Main {\n    public static void main(String[] args) {\n        int a = Integer.parseInt(args[0]);\n        int b = Integer.parseInt(args[1]);\n        System.out.println(Math.pow(a, b));\n    }\n}','{\"message\":\"Accepted\",\"time\":147}',2,1788435930848280578,1788084197743726594,'2024-05-15 16:23:13','2024-05-15 16:23:14',0),(1790659253413916673,'java','public class Main {\n    public static void main(String[] args) {\n        int a = Integer.parseInt(args[0]);\n        int b = Integer.parseInt(args[1]);\n        System.out.println(Math.pow(b, a));\n    }\n}','{\"message\":\"Wrong Answer\",\"time\":150}',2,1788435930848280578,1788084197743726594,'2024-05-15 16:23:29','2024-05-15 16:23:30',0),(1790667914098049025,'java','public class Main {\n    public static void main(String[] args) {\n        int a = Integer.parseInt(args[0]);\n        int b = Integer.parseInt(args[1]);\n        System.out.println(a + b);\n    }\n}','{}',1,1788419717677973506,1788084197743726594,'2024-05-15 16:57:54','2024-05-15 16:57:54',0),(1790668090007158786,'java','public class Main {\n    public static void main(String[] args) {\n        int a = Integer.parseInt(args[0]);\n        int b = Integer.parseInt(args[1]);\n        System.out.println(a + b);\n    }\n}','{}',1,1788419717677973506,1788084197743726594,'2024-05-15 16:58:36','2024-05-15 16:58:36',0),(1790668537761693698,'java','public class Main {\n    public static void main(String[] args) {\n        int a = Integer.parseInt(args[0]);\n        int b = Integer.parseInt(args[1]);\n        System.out.println(a + b);\n    }\n}','{}',1,1788419717677973506,1788084197743726594,'2024-05-15 17:00:23','2024-05-15 17:00:23',0),(1790671353267945473,'java','public class Main {\n    public static void main(String[] args) {\n        int a = Integer.parseInt(args[0]);\n        int b = Integer.parseInt(args[1]);\n        System.out.println(a + b);\n    }\n}','{}',1,1788419717677973506,1788084197743726594,'2024-05-15 17:11:34','2024-05-15 17:11:34',0),(1790674165016059906,'java','public class Main {\n    public static void main(String[] args) {\n        int a = Integer.parseInt(args[0]);\n        System.out.println(Math.round(Math.sqrt(a)));\n    }\n}','{\"message\":\"Accepted\",\"time\":144}',2,1788436027191443458,1788084197743726594,'2024-05-15 17:22:44','2024-05-15 17:22:46',0),(1790675044205178882,'java','public class Main {\n    public static void main(String[] args) {\n        int a = Integer.parseInt(args[0]);\n        int b = Integer.parseInt(args[1]);\n        System.out.println(a  b);\n    }\n}','{}',1,1788419717677973506,1788084197743726594,'2024-05-15 17:26:14','2024-05-15 17:26:14',0),(1790682290242760706,'java','public class Main {\n    public static void main(String[] args) {\n        int a = Integer.parseInt(args[0]);\n        int b = Integer.parseInt(args[1]);\n        System.out.println(a + b);\n    }\n}','{\"message\":\"Accepted\",\"time\":156}',2,1788419717677973506,1788084197743726594,'2024-05-15 17:55:01','2024-05-15 17:55:03',0),(1790682605436317698,'java','public class Main {\n    public static void main(String[] args) {\n        int a = Integer.parseInt(args[0]);\n        int b = Integer.parseInt(args[1]);\n        System.out.println(Math.pow(a, b));\n    }\n}','{\"message\":\"Accepted\",\"time\":138}',2,1788435930848280578,1788084197743726594,'2024-05-15 17:56:17','2024-05-15 17:56:17',0),(1790682751247101954,'java','public class Main {\n    public static void main(String[] args) {\n        int a = Integer.parseInt(args[0]);\n        int b = Integer.parseInt(args[1]);\n        System.out.println(Math.pow(b, a));\n    }\n}','{\"message\":\"Wrong Answer\",\"time\":135}',2,1788435930848280578,1788084197743726594,'2024-05-15 17:56:51','2024-05-15 17:56:52',0),(1790682928628412418,'java','public class Main {\n    public static void main(String[] args) {\n        int a = Integer.parseInt(args[0]);\n        int b = Integer.parseInt(args[1]);\n        System.out.println(a + b;\n    }\n}','{}',1,1788419717677973506,1788084197743726594,'2024-05-15 17:57:34','2024-05-15 17:57:34',0),(1790921946288922625,'java','public class Main {\n    public static void main(String[] args) {\n        int a = Integer.parseInt(args[0]);\n        int b = Integer.parseInt(args[1]);\n        System.out.println(a + b);\n    }\n}','{}',1,1788419717677973506,1788084197743726594,'2024-05-16 09:47:20','2024-05-16 09:47:20',0),(1790925316760313857,'java','public class Main {\n    public static void main(String[] args) {\n        int a = Integer.parseInt(args[0]);\n        int b = Integer.parseInt(args[1]);\n        System.out.println(a + b);\n    }\n}','{}',1,1788419717677973506,1788084197743726594,'2024-05-16 10:00:43','2024-05-16 10:00:43',0),(1790925830063431682,'java','public class Main {\n    public static void main(String[] args) {\n        int a = Integer.parseInt(args[0]);\n        int b = Integer.parseInt(args[1]);\n        System.out.println(a + b);\n    }\n}','{\"message\":\"Wrong Answer\",\"time\":26,\"memory\":0}',2,1788419717677973506,1788084197743726594,'2024-05-16 10:02:46','2024-05-16 10:02:48',0),(1790932582473441281,'java','public class Main {\n    public static void main(String[] args) {\n        int a = Integer.parseInt(args[0]);\n        int b = Integer.parseInt(args[1]);\n        System.out.println(a + b);\n    }\n}','{\"message\":\"Wrong Answer\",\"time\":20,\"memory\":0}',2,1788419717677973506,1788084197743726594,'2024-05-16 10:29:36','2024-05-16 10:29:38',0),(1790934588810371074,'java','public class Main {\n    public static void main(String[] args) {\n        int a = Integer.parseInt(args[0]);\n        int b = Integer.parseInt(args[1]);\n        System.out.println(a + b);\n    }\n}','{\"message\":\"Wrong Answer\",\"time\":34,\"memory\":0}',2,1788419717677973506,1788084197743726594,'2024-05-16 10:37:34','2024-05-16 10:37:37',0),(1790935459950534658,'java','public class Main {\n    public static void main(String[] args) {\n        int a = Integer.parseInt(args[0]);\n        int b = Integer.parseInt(args[1]);\n        System.out.println(a + b);\n    }\n}','{\"message\":\"Wrong Answer\",\"time\":17,\"memory\":0}',2,1788419717677973506,1788084197743726594,'2024-05-16 10:41:02','2024-05-16 10:41:04',0),(1790936396941271042,'java','public class Main {\n    public static void main(String[] args) {\n        int a = Integer.parseInt(args[0]);\n        int b = Integer.parseInt(args[1]);\n        System.out.println(a + b);\n    }\n}','{\"message\":\"Wrong Answer\",\"time\":17,\"memory\":2416640}',2,1788419717677973506,1788084197743726594,'2024-05-16 10:44:45','2024-05-16 10:44:51',0),(1790937208052555778,'java','public class Main {\n    public static void main(String[] args) {\n        int a = Integer.parseInt(args[0]);\n        int b = Integer.parseInt(args[1]);\n        System.out.println(a + b);\n    }\n}','{\"message\":\"Wrong Answer\",\"time\":16,\"memory\":1110016}',2,1788419717677973506,1788084197743726594,'2024-05-16 10:47:59','2024-05-16 10:48:05',0),(1790939376826490881,'java','public class Main {\n    public static void main(String[] args) {\n        int a = Integer.parseInt(args[0]);\n        int b = Integer.parseInt(args[1]);\n        System.out.println(a + b);\n    }\n}','{\"message\":\"Wrong Answer\",\"time\":57,\"memory\":12316672}',2,1788419717677973506,1788084197743726594,'2024-05-16 10:56:36','2024-05-16 10:56:43',0),(1790940172737617921,'java','public class Main {\n    public static void main(String[] args) {\n        int a = Integer.parseInt(args[0]);\n        int b = Integer.parseInt(args[1]);\n        System.out.println(a + b);\n    }\n}','{\"message\":\"Wrong Answer\",\"time\":45,\"memory\":4411392}',2,1788419717677973506,1788084197743726594,'2024-05-16 10:59:45','2024-05-16 10:59:52',0),(1790941049502343170,'java','public class Main {\n    public static void main(String[] args) {\n        int a = Integer.parseInt(args[0]);\n        int b = Integer.parseInt(args[1]);\n        System.out.println(a + b);\n    }\n}','{\"message\":\"Wrong Answer\",\"time\":33,\"memory\":1929216}',2,1788419717677973506,1788084197743726594,'2024-05-16 11:03:14','2024-05-16 11:03:21',0),(1790942236960137218,'java','public class Main {\n    public static void main(String[] args) {\n        int a = Integer.parseInt(args[0]);\n        int b = Integer.parseInt(args[1]);\n        System.out.println(a + b);\n    }\n}','{\"message\":\"Wrong Answer\",\"time\":25,\"memory\":3399680}',2,1788419717677973506,1788084197743726594,'2024-05-16 11:07:58','2024-05-16 11:08:04',0),(1790943081890095105,'java','public class Main {\n    public static void main(String[] args) {\n        int a = Integer.parseInt(args[0]);\n        int b = Integer.parseInt(args[1]);\n        System.out.println(a + b);\n    }\n}','{\"message\":\"Wrong Answer\",\"time\":16,\"memory\":1642496}',2,1788419717677973506,1788084197743726594,'2024-05-16 11:11:19','2024-05-16 11:11:24',0),(1790943393459773442,'java','public class Main {\n    public static void main(String[] args) {\n        int a = Integer.parseInt(args[0]);\n        int b = Integer.parseInt(args[1]);\n        System.out.println(a + b);\n    }\n}','{\"message\":\"Wrong Answer\",\"time\":16,\"memory\":499712}',2,1788419717677973506,1788084197743726594,'2024-05-16 11:12:33','2024-05-16 11:12:47',0),(1790943993027141634,'java','public class Main {\n    public static void main(String[] args) {\n        int a = Integer.parseInt(args[0]);\n        int b = Integer.parseInt(args[1]);\n        System.out.println(a + b);\n    }\n}','{\"message\":\"Wrong Answer\",\"time\":22,\"memory\":0}',2,1788419717677973506,1788084197743726594,'2024-05-16 11:14:56','2024-05-16 11:14:58',0),(1790945493036081153,'java','public class Main {\n    public static void main(String[] args) {\n        int a = Integer.parseInt(args[0]);\n        int b = Integer.parseInt(args[1]);\n        System.out.println(a + b);\n    }\n}','{\"message\":\"Wrong Answer\",\"time\":54,\"memory\":0}',2,1788419717677973506,1788084197743726594,'2024-05-16 11:20:54','2024-05-16 11:20:57',0),(1790946080515465218,'java','public class Main {\n    public static void main(String[] args) {\n        int a = Integer.parseInt(args[0]);\n        int b = Integer.parseInt(args[1]);\n        System.out.println(a + b);\n    }\n}','{\"message\":\"Wrong Answer\",\"time\":49,\"memory\":0}',2,1788419717677973506,1788084197743726594,'2024-05-16 11:23:14','2024-05-16 11:23:16',0),(1790948048663257089,'java','public class Main {\n    public static void main(String[] args) {\n        int a = Integer.parseInt(args[0]);\n        int b = Integer.parseInt(args[1]);\n        System.out.println(a + b);\n    }\n}','{\"message\":\"Wrong Answer\",\"time\":165,\"memory\":266240}',2,1788419717677973506,1788084197743726594,'2024-05-16 11:31:03','2024-05-16 11:31:06',0),(1790949662421741569,'java','public class Main {\n    public static void main(String[] args) {\n        int a = Integer.parseInt(args[0]);\n        int b = Integer.parseInt(args[1]);\n        System.out.println(a + b);\n    }\n}','{\"message\":\"Wrong Answer\",\"time\":147,\"memory\":2228224}',2,1788419717677973506,1788084197743726594,'2024-05-16 11:37:28','2024-05-16 11:37:29',0),(1790951320182648833,'java','public class Main {\n    public static void main(String[] args) {\n        int a = Integer.parseInt(args[0]);\n        int b = Integer.parseInt(args[1]);\n        System.out.println(a + b);\n    }\n}','{\"message\":\"Accepted\",\"time\":163,\"memory\":266240}',2,1788419717677973506,1788084197743726594,'2024-05-16 11:44:03','2024-05-16 11:44:06',0),(1790953359985930242,'java','public class Main {\n    public static void main(String[] args) {\n        int a = Integer.parseInt(args[0]);\n        int b = Integer.parseInt(args[1]);\n        System.out.println(a + b);\n    }\n}','{\"message\":\"Accepted\",\"time\":167,\"memory\":143360}',2,1788419717677973506,1788084197743726594,'2024-05-16 11:52:09','2024-05-16 11:52:12',0),(1790953435768614914,'java','public class Main {\n    public static void main(String[] args) {\n        int a = Integer.parseInt(args[0]);\n        int b = Integer.parseInt(args[1]);\n        System.out.println(a * b);\n    }\n}','{\"message\":\"Wrong Answer\",\"time\":141,\"memory\":0}',2,1788419717677973506,1788084197743726594,'2024-05-16 11:52:28','2024-05-16 11:52:29',0),(1790953495533252610,'java','public class Main {\n    public static void main(String[] args) {\n        int a = Integer.parseInt(args[0]);\n        int b = Integer.parseInt(args[1]);\n        System.out.println(a  b);\n    }\n}','{}',1,1788419717677973506,1788084197743726594,'2024-05-16 11:52:42','2024-05-16 11:52:42',0),(1790955913037803521,'java','public class Main {\n    public static void main(String[] args) {\n        int a = Integer.parseInt(args[0]);\n        int b = Integer.parseInt(args[1]);\n        System.out.println(a + b);\n    }\n}','{\"message\":\"Accepted\",\"time\":140,\"memory\":135168}',2,1788419717677973506,1788084197743726594,'2024-05-16 12:02:18','2024-05-16 12:02:20',0),(1790955970931781633,'java','public class Main {\n    public static void main(String[] args) {\n        int a = Integer.parseInt(args[0]);\n        int b = Integer.parseInt(args[1]);\n        System.out.println(a * b);\n    }\n}','{\"message\":\"Wrong Answer\",\"time\":141,\"memory\":5566464}',2,1788419717677973506,1788084197743726594,'2024-05-16 12:02:32','2024-05-16 12:02:33',0),(1790956064607367169,'java','public class Main {\n    public static void main(String[] args) {\n        int a = Integer.parseInt(args[0]);\n        int b = Integer.parseInt(args[1]);\n        System.out.println(a  b);\n    }\n}','{}',1,1788419717677973506,1788084197743726594,'2024-05-16 12:02:54','2024-05-16 12:02:54',0),(1790956288423817218,'java','public class Main {\n    public static void main(String[] args) {\n        int a = Integer.parseInt(args[0]);\n        int b = Integer.parseInt(args[1]);\n        System.out.println(a  b);\n    }\n}','{}',1,1788419717677973506,1788084197743726594,'2024-05-16 12:03:48','2024-05-16 12:03:48',0),(1790964181139243009,'java','public class Main {\n    public static void main(String[] args) {\n        int a = Integer.parseInt(args[0]);\n        int b = Integer.parseInt(args[1]);\n        System.out.println(a + b);\n    }\n}','{\"message\":\"Accepted\",\"time\":147,\"memory\":217088}',2,1788419717677973506,1788084197743726594,'2024-05-16 12:35:09','2024-05-16 12:35:12',0),(1790964262349357057,'java','public class Main {\n    public static void main(String[] args) {\n        int a = Integer.parseInt(args[0]);\n        int b = Integer.parseInt(args[1]);\n        System.out.println(a * b);\n    }\n}','{\"message\":\"Wrong Answer\",\"time\":135,\"memory\":6598656}',2,1788419717677973506,1788084197743726594,'2024-05-16 12:35:29','2024-05-16 12:35:30',0),(1790964298286153729,'java','public class Main {\n    public static void main(String[] args) {\n        int a = Integer.parseInt(args[0]);\n        int b = Integer.parseInt(args[1]);\n        System.out.println(a  b);\n    }\n}','{\"message\":\"编译错误\"}',2,1788419717677973506,1788084197743726594,'2024-05-16 12:35:37','2024-05-16 12:35:38',0),(1790965661824991233,'java','public class Main {\n    public static void main(String[] args) {\n        int a = Integer.parseInt(args[0]);\n        int b = Integer.parseInt(args[1]);\n        System.out.println(a + b);\n    }\n}','{\"message\":\"Accepted\",\"time\":138,\"memory\":0}',2,1788419717677973506,1788084197743726594,'2024-05-16 12:41:02','2024-05-16 12:41:04',0),(1790965701956091906,'java','public class Main {\n    public static void main(String[] args) {\n        int a = Integer.parseInt(args[0]);\n        int b = Integer.parseInt(args[1]);\n        System.out.println(a * b);\n    }\n}','{\"message\":\"Wrong Answer\",\"time\":151,\"memory\":6774784}',2,1788419717677973506,1788084197743726594,'2024-05-16 12:41:12','2024-05-16 12:41:13',0),(1790965735435026434,'java','public class Main {\n    public static void main(String[] args) {\n        int a = Integer.parseInt(args[0]);\n        int b = Integer.parseInt(args[1]);\n        System.out.println(a  b);\n    }\n}','{\"message\":\"Compile Error\"}',2,1788419717677973506,1788084197743726594,'2024-05-16 12:41:20','2024-05-16 12:41:20',0),(1790965914817019906,'java','public class Main {\n    public static void main(String[] args) {\n        int a = Integer.parseInt(args[0]);\n        int b = Integer.parseInt(args[1]);\n        System.out.println(Math.pow(a, b));\n    }\n}','{\"message\":\"Accepted\",\"time\":149,\"memory\":0}',2,1788435930848280578,1788084197743726594,'2024-05-16 12:42:03','2024-05-16 12:42:04',0),(1790966446939979778,'java','public class Main {\n    public static void main(String[] args) {\n        int a = Integer.parseInt(args[0]);\n        int b = Integer.parseInt(args[1]);\n        System.out.println(a + b);\n    }\n}','{\"message\":\"Accepted\",\"time\":135,\"memory\":0}',2,1788419717677973506,1788084197743726594,'2024-05-16 12:44:10','2024-05-16 12:44:11',0),(1790967048440922113,'java','public class Main {\n    public static void main(String[] args) {\n        int a = Integer.parseInt(args[0]);\n        int b = Integer.parseInt(args[1]);\n        System.out.println(a + b);\n    }\n}','{\"message\":\"Accepted\",\"time\":162,\"memory\":139264}',2,1788419717677973506,1788084197743726594,'2024-05-16 12:46:33','2024-05-16 12:46:36',0),(1790967120650059777,'java','public class Main {\n    public static void main(String[] args) {\n        int a = Integer.parseInt(args[0]);\n        int b = Integer.parseInt(args[1]);\n        System.out.println(a * b);\n    }\n}','{\"message\":\"Wrong Answer\",\"time\":133,\"memory\":2396160}',2,1788419717677973506,1788084197743726594,'2024-05-16 12:46:50','2024-05-16 12:46:52',0),(1790967187637288961,'java','public class Main {\n    public static void main(String[] args) {\n        int a = Integer.parseInt(args[0]);\n        int b = Integer.parseInt(args[1]);\n        System.out.println(a  b);\n    }\n}','{\"message\":\"Compile Error\"}',2,1788419717677973506,1788084197743726594,'2024-05-16 12:47:06','2024-05-16 12:47:07',0),(1790967591464878082,'java','public class Main {\n    public static void main(String[] args) {\n        int a = Integer.parseInt(args[0]);\n        int b = Integer.parseInt(args[1]);\n        File.separator;\n        System.out.println(a + b);\n    }\n}','{\"message\":\"Compile Error\"}',2,1788419717677973506,1788084197743726594,'2024-05-16 12:48:43','2024-05-16 12:48:43',0),(1790967704220352513,'java','import java.io.File;\n\npublic class Main {\n    public static void main(String[] args) {\n        int a = Integer.parseInt(args[0]);\n        int b = Integer.parseInt(args[1]);\n        File.separator;\n        System.out.println(a + b);\n    }\n}','{\"message\":\"Compile Error\"}',2,1788419717677973506,1788084197743726594,'2024-05-16 12:49:09','2024-05-16 12:49:10',0),(1790968482129526786,'java','public class Main {\n    public static void main(String[] args) {\n        while(true){\n            int a = Integer.parseInt(args[0]);\n            int b = Integer.parseInt(args[1]);\n            System.out.println(a + b);\n        }\n    }\n}','{\"message\":\"Wrong Answer\",\"time\":5022,\"memory\":49295360}',2,1788419717677973506,1788084197743726594,'2024-05-16 12:52:15','2024-05-16 12:52:36',0),(1790968864276758530,'java','public class Main {\n    public static void main(String[] args) {\n        int a = Integer.parseInt(args[0]);\n        int b = Integer.parseInt(args[1]);\n        System.out.println(a + b);\n        while(true){\n            int c = 1;\n        }\n    }\n}','{\"message\":\"Memory Limit Exceeded\",\"time\":5037,\"memory\":30990336}',2,1788419717677973506,1788084197743726594,'2024-05-16 12:53:46','2024-05-16 12:54:08',0),(1790969433095684098,'java','public class Main {\n    public static void main(String[] args) {\n        int a = Integer.parseInt(args[0]);\n        int b = Integer.parseInt(args[1]);\n        System.out.println(a + b);\n        try {\n            Thread.sleep(10000);\n        } catch (InterruptedException e) {\n            e.printStackTrace();\n        }\n    }\n}','{\"message\":\"Memory Limit Exceeded\",\"time\":5024,\"memory\":15659008}',2,1788419717677973506,1788084197743726594,'2024-05-16 12:56:02','2024-05-16 12:56:23',0),(1790969659789426689,'java','public class Main {\n    public static void main(String[] args) {\n        int a = Integer.parseInt(args[0]);\n        int b = Integer.parseInt(args[1]);\n        System.out.println(a + b);\n                try {\n            Thread.sleep(5000);\n        } catch (InterruptedException e) {\n            e.printStackTrace();\n        }\n    }\n}','{\"message\":\"Memory Limit Exceeded\",\"time\":5013,\"memory\":7946240}',2,1788419717677973506,1788084197743726594,'2024-05-16 12:56:56','2024-05-16 12:57:17',0),(1790972589418606593,'java','public class Main {\n    public static void main(String[] args) {\n        int a = Integer.parseInt(args[0]);\n        int b = Integer.parseInt(args[1]);\n        System.out.println(a + b);\n    }\n}','{\"message\":\"Memory Limit Exceeded\",\"time\":384,\"memory\":3538944}',2,1788419717677973506,1788084197743726594,'2024-05-16 13:08:34','2024-05-16 13:08:37',0),(1790973094681243649,'java','public class Main {\n    public static void main(String[] args) {\n        int a = Integer.parseInt(args[0]);\n        int b = Integer.parseInt(args[1]);\n        System.out.println(a + b);\n    }\n}','{\"message\":\"Memory Limit Exceeded\",\"time\":358,\"memory\":6881280}',2,1788419717677973506,1788084197743726594,'2024-05-16 13:10:35','2024-05-16 13:10:39',0),(1790974207702724610,'java','public class Main {\n    public static void main(String[] args) {\n        int a = Integer.parseInt(args[0]);\n        int b = Integer.parseInt(args[1]);\n        System.out.println(a + b);\n    }\n}','{\"message\":\"Memory Limit Exceeded\",\"time\":421,\"memory\":6426624}',2,1788419717677973506,1788084197743726594,'2024-05-16 13:15:00','2024-05-16 13:15:05',0),(1790974333947080705,'java','public class Main {\n    public static void main(String[] args) {\n        int a = Integer.parseInt(args[0]);\n        int b = Integer.parseInt(args[1]);\n        System.out.println(a + b);\n    }\n}','{\"message\":\"Memory Limit Exceeded\",\"time\":322,\"memory\":2183168}',2,1788419717677973506,1788084197743726594,'2024-05-16 13:15:30','2024-05-16 13:15:33',0),(1790975431722266626,'java','public class Main {\n    public static void main(String[] args) {\n        int a = Integer.parseInt(args[0]);\n        int b = Integer.parseInt(args[1]);\n        System.out.println(a + b);\n    }\n}','{\"message\":\"Memory Limit Exceeded\",\"time\":516,\"memory\":2310144}',2,1788419717677973506,1788084197743726594,'2024-05-16 13:19:52','2024-05-16 13:19:57',0),(1790975669337976834,'java','public class Main {\n    public static void main(String[] args) {\n        int a = Integer.parseInt(args[0]);\n        int b = Integer.parseInt(args[1]);\n        System.out.println(a + b);\n    }\n}','{\"message\":\"Wrong Answer\",\"time\":389,\"memory\":3567616}',2,1788435930848280578,1788084197743726594,'2024-05-16 13:20:48','2024-05-16 13:20:51',0),(1790977189689290754,'java','public class Main {\n    public static void main(String[] args) {\n        int a = Integer.parseInt(args[0]);\n        int b = Integer.parseInt(args[1]);\n        System.out.println(Math.pow(a, b));\n    }\n}','{\"message\":\"Memory Limit Exceeded\",\"time\":375,\"memory\":5890048}',2,1788435930848280578,1788084197743726594,'2024-05-16 13:26:51','2024-05-16 13:26:53',0),(1790978406851145729,'java','public class Main {\n    public static void main(String[] args) {\n        int a = Integer.parseInt(args[0]);\n        int b = Integer.parseInt(args[1]);\n        System.out.println(a + b);\n    }\n}','{\"message\":\"Accepted\",\"time\":349,\"memory\":3612672}',2,1788419717677973506,1788084197743726594,'2024-05-16 13:31:41','2024-05-16 13:31:44',0),(1792426069752573954,'java','int main','{\"message\":\"Compile Error\"}',2,1788419717677973506,1788084197743726594,'2024-05-20 13:24:11','2024-05-20 13:24:11',0),(1793148757173465089,'java','public class Main {\n    public static void main(String[] args) {\n        int a = Integer.parseInt(args[0]);\n        int b = Integer.parseInt(args[1]);\n        System.out.println(a + b);\n    }\n}','{\"message\":\"Memory Limit Exceeded\",\"time\":1138,\"memory\":13885440}',2,1788419717677973506,1788084197743726594,'2024-05-22 13:15:53','2024-05-22 13:15:59',0),(1793152742710050817,'java','public class Main {\n    public static void main(String[] args) {\n        int a = Integer.parseInt(args[0]);\n        int b = Integer.parseInt(args[1]);\n        System.out.println(a + b);\n    }\n}','{\"message\":\"Memory Limit Exceeded\",\"time\":367,\"memory\":16252928}',2,1788419717677973506,1788084197743726594,'2024-05-22 13:31:43','2024-05-22 13:31:43',0),(1793153432454955009,'java','public class Main {\n    public static void main(String[] args) {\n        int a = Integer.parseInt(args[0]);\n        int b = Integer.parseInt(args[1]);\n        System.out.println(a + b);\n    }\n}','{\"message\":\"Accepted\",\"time\":457,\"memory\":1540096}',2,1788419717677973506,1788084197743726594,'2024-05-22 13:34:28','2024-05-22 13:34:28',0),(1793153583248572417,'java','public class Main {\n    public static void main(String[] args) {\n        int a = Integer.parseInt(args[0]);\n        int b = Integer.parseInt(args[1]);\n        System.out.println(a - b);\n    }\n}','{\"message\":\"Wrong Answer\",\"time\":336,\"memory\":0}',2,1788419717677973506,1788084197743726594,'2024-05-22 13:35:04','2024-05-22 13:35:04',0),(1793153651317932034,'java','public class Main {\n    public static void main(String[] args) {\n        int a = Integer.parseInt(args[0]);\n        int b = Integer.parseInt(args[1]);\n        System.out.println(a  b);\n    }\n}','{\"message\":\"Compile Error\"}',2,1788419717677973506,1788084197743726594,'2024-05-22 13:35:20','2024-05-22 13:35:20',0),(1793154346213453825,'java','public class Main {\n    public static void main(String[] args) {\n        int a = Integer.parseInt(args[0]);\n        int b = Integer.parseInt(args[1]);\n        System.out.println(a + b);\n    }\n}','{\"message\":\"Accepted\",\"time\":418,\"memory\":0}',2,1788419717677973506,1788084197743726594,'2024-05-22 13:38:05','2024-05-22 13:38:10',0),(1793156684844142593,'java','public class Main {\n    public static void main(String[] args) {\n        int a = Integer.parseInt(args[0]);\n        int b = Integer.parseInt(args[1]);\n        System.out.println(a * b);\n    }\n}','{\"message\":\"Wrong Answer\",\"time\":419,\"memory\":13955072}',2,1788419717677973506,1788084197743726594,'2024-05-22 13:47:23','2024-05-22 13:47:27',0),(1793998271224602625,'java','public class Main {\n    public static void main(String[] args) {\n        int a = Integer.parseInt(args[0]);\n        int b = Integer.parseInt(args[1]);\n        System.out.println(a + b);\n    }\n}','{\"message\":\"Memory Limit Exceeded\",\"time\":2460,\"memory\":15695872}',2,1788419717677973506,1788084197743726594,'2024-05-24 21:31:33','2024-05-24 21:31:33',0),(1793999296148922369,'java','public class Main {\n    public static void main(String[] args) {\n        int a = Integer.parseInt(args[0]);\n        int b = Integer.parseInt(args[1]);\n        System.out.println(a + b);\n    }\n}','{\"message\":\"Time Limit Exceeded\",\"time\":5419,\"memory\":16007168}',2,1788419717677973506,1788084197743726594,'2024-05-24 21:35:37','2024-05-24 21:35:37',0),(1793999977253560322,'java','public class Main {\n    public static void main(String[] args) {\n        int a = Integer.parseInt(args[0]);\n        int b = Integer.parseInt(args[1]);\n        System.out.println(a + b);\n    }\n}','{\"message\":\"Accepted\",\"time\":519,\"memory\":1536000}',2,1788419717677973506,1788084197743726594,'2024-05-24 21:38:20','2024-05-24 21:38:20',0),(1794000133852094466,'java','public class Main {\n    public static void main(String[] args) {\n        int a = Integer.parseInt(args[0]);\n        int b = Integer.parseInt(args[1]);\n        System.out.println(a * b);\n    }\n}','{\"message\":\"Wrong Answer\",\"time\":292,\"memory\":0}',2,1788419717677973506,1788084197743726594,'2024-05-24 21:38:57','2024-05-24 21:38:57',0),(1794000276752031745,'java','public class Main {\n    public static void main(String[] args) {\n        int a = Integer.parseInt(args[0]);\n        int b = Integer.parseInt(args[1]);\n        System.out.println(a  b);\n    }\n}','{\"message\":\"Compile Error\"}',2,1788419717677973506,1788084197743726594,'2024-05-24 21:39:31','2024-05-24 21:39:31',0),(1794000511607889922,'java','public class Main {\n    public static void main(String[] args) {\n        int a = Integer.parseInt(args[0]);\n        int b = Integer.parseInt(args[1]);\n        System.out.println(a / b);\n    }\n}','{\"message\":\"Run Error\"}',2,1788419717677973506,1788084197743726594,'2024-05-24 21:40:27','2024-05-24 21:40:27',0),(1794000810699513858,'java','public class Main {\n    public static void main(String[] args) {\n        int a = Integer.parseInt(args[0]);\n        int b = Integer.parseInt(args[1]);\n        while(true){\n            System.out.println(a + b);\n        }\n    }\n}','{\"message\":\"Wrong Answer\",\"time\":5079,\"memory\":60727296}',2,1788419717677973506,1788084197743726594,'2024-05-24 21:41:38','2024-05-24 21:41:38',0),(1794001190720233473,'java','public class Main {\n    public static void main(String[] args) {\n        int a = Integer.parseInt(args[0]);\n        int b = Integer.parseInt(args[1]);\n        System.out.println(a + b);\n        File.read(\"d://a.txt\");\n    }\n}','{\"message\":\"Compile Error\"}',2,1788419717677973506,1788084197743726594,'2024-05-24 21:43:09','2024-05-24 21:43:09',0),(1794002059092156417,'java','import java.io.File;\n\npublic class Main {\n    public static void main(String[] args) {\n        int a = Integer.parseInt(args[0]);\n        int b = Integer.parseInt(args[1]);\n        System.out.println(a + b);\n        File.read(\"D://a.txt\");\n    }\n}','{\"message\":\"Compile Error\"}',2,1788419717677973506,1788084197743726594,'2024-05-24 21:46:36','2024-05-24 21:46:36',0),(1794003809505239042,'java','public class Main {\n    public static void main(String[] args) {\n        int a = Integer.parseInt(args[0]);\n        int b = Integer.parseInt(args[1]);\n        System.out.println(a ** b);\n    }\n}','{\"message\":\"Compile Error\"}',2,1788435930848280578,1788084197743726594,'2024-05-24 21:53:33','2024-05-24 21:53:33',0),(1794003836558499841,'java','public class Main {\n    public static void main(String[] args) {\n        int a = Integer.parseInt(args[0]);\n        int b = Integer.parseInt(args[1]);\n        System.out.println(a ^ b);\n    }\n}','{\"message\":\"Wrong Answer\",\"time\":385,\"memory\":1458176}',2,1788435930848280578,1788084197743726594,'2024-05-24 21:53:40','2024-05-24 21:53:40',0),(1794004172341895170,'java','public class Main {\n    public static void main(String[] args) {\n        int a = Integer.parseInt(args[0]);\n        int b = Integer.parseInt(args[1]);\n        System.out.println(Math.pow(a, b));\n    }\n}','{\"message\":\"Accepted\",\"time\":139,\"memory\":0}',2,1788435930848280578,1788084197743726594,'2024-05-24 21:55:00','2024-05-24 21:55:00',0),(1794004203417493505,'java','public class Main {\n    public static void main(String[] args) {\n        int a = Integer.parseInt(args[0]);\n        int b = Integer.parseInt(args[1]);\n        System.out.println(Math.pow(b, a));\n    }\n}','{\"message\":\"Wrong Answer\",\"time\":135,\"memory\":0}',2,1788435930848280578,1788084197743726594,'2024-05-24 21:55:07','2024-05-24 21:55:07',0),(1794006120709349377,'java','public class Main1 {\n    public static void main(String[] args) {\n        int a = Integer.parseInt(args[0]);\n        int b = Integer.parseInt(args[1]);\n        System.out.println(a + b);\n    }\n}','{\"message\":\"Compile Error\"}',2,1788419717677973506,1788084197743726594,'2024-05-24 22:02:44','2024-05-24 22:02:44',0),(1794974215703691265,'java','public class Main {\n    public static void main(String[] args) {\n        int a = Integer.parseInt(args[0]);\n        int b = Integer.parseInt(args[1]);\n        System.out.println(a + b);\n    }\n}','{}',2,1788419717677973506,1788084197743726594,'2024-05-27 14:09:36','2024-05-27 14:09:36',0),(1794975883010834434,'java','public class Main {\n    public static void main(String[] args) {\n        int a = Integer.parseInt(args[0]);\n        int b = Integer.parseInt(args[1]);\n        System.out.println(a + b);\n    }\n}','{\"message\":\"Accepted\",\"time\":343,\"memory\":1261568}',2,1788419717677973506,1788084197743726594,'2024-05-27 14:16:14','2024-05-27 14:16:14',0),(1794977180413919234,'java','public class Main {\n    public static void main(String[] args) {\n        int a = Integer.parseInt(args[0]);\n        int b = Integer.parseInt(args[1]);\n        System.out.println(Math.pow(a, b));\n    }\n}','{\"message\":\"Accepted\",\"time\":429,\"memory\":1425408}',2,1788435930848280578,1788084197743726594,'2024-05-27 14:21:23','2024-05-27 14:21:23',0),(1794978604875055106,'java','public class Main {\n    public static void main(String[] args) {\n        int a = Integer.parseInt(args[0]);\n        System.out.println(Math.round(Math.sqrt(a)));\n    }\n}','{\"message\":\"Accepted\",\"time\":394,\"memory\":1536000}',2,1788436027191443458,1788084197743726594,'2024-05-27 14:27:03','2024-05-27 14:27:03',0),(1794979706769047553,'java','import java.io.FileWriter;  \nimport java.io.IOException;  \n  \npublic class WriteToFileExample {  \n    public static void main(String[] args) {  \n        // 定义要写入文件的路径和内容  \n        String filePath = \"output.txt\"; // 假设你想在当前目录下创建一个名为output.txt的文件  \n        String content = \"Hello, this is some text written to a file.\";  \n  \n        // 创建一个FileWriter对象，它默认使用当前字符编码  \n        try (FileWriter writer = new FileWriter(filePath)) {  \n            // 写入内容到文件  \n            writer.write(content);  \n            System.out.println(\"Successfully wrote to the file.\");  \n        } catch (IOException e) {  \n            // 处理可能的IOException  \n            e.printStackTrace();  \n            System.out.println(\"An error occurred while writing to the file.\");  \n        }  \n    }  \n}','{\"message\":\"Compile Error\"}',2,1788419717677973506,1788084197743726594,'2024-05-27 14:31:25','2024-05-27 14:31:25',0),(1794980010356965377,'java','import java.io.FileWriter;  \nimport java.io.IOException;  \n  \npublic class Main {  \n    public static void main(String[] args) {  \n        // 定义要写入文件的路径和内容  \n        String filePath = \"output.txt\"; // 假设你想在当前目录下创建一个名为output.txt的文件  \n        String content = \"Hello, this is some text written to a file.\";  \n  \n        // 创建一个FileWriter对象，它默认使用当前字符编码  \n        try (FileWriter writer = new FileWriter(filePath)) {  \n            // 写入内容到文件  \n            writer.write(content);  \n            System.out.println(\"Successfully wrote to the file.\");  \n        } catch (IOException e) {  \n            // 处理可能的IOException  \n            e.printStackTrace();  \n            System.out.println(\"An error occurred while writing to the file.\");  \n        }  \n    }  \n}','{\"message\":\"Run Error\"}',2,1788419717677973506,1788084197743726594,'2024-05-27 14:32:38','2024-05-27 14:32:38',0),(1794980269489455106,'java','public class Main {\n    public static void main(String[] args) {\n        int a = Integer.parseInt(args[0]);\n        int b = Integer.parseInt(args[1]);\n        System.out.println(a + b);\n    }\n}','{\"message\":\"Accepted\",\"time\":246,\"memory\":847872}',2,1788419717677973506,1788084197743726594,'2024-05-27 14:33:40','2024-05-27 14:33:40',0),(1794992507851902978,'java','public class Main {\n    public static void main(String[] args) {\n        int a = Integer.parseInt(args[0]);\n        int b = Integer.parseInt(args[1]);\n        System.out.println(a + b);\n    }\n}','{\"message\":\"Accepted\",\"time\":356,\"memory\":1343488}',2,1788419717677973506,1788084197743726594,'2024-05-27 15:22:17','2024-05-27 15:22:17',0),(1794995679014170626,'java','public class Main {\n    public static void main(String[] args) {\n        int a = Integer.parseInt(args[0]);\n        int b = Integer.parseInt(args[1]);\n        System.out.println(a + b);\n    }\n}','{\"message\":\"Accepted\",\"time\":228,\"memory\":802816}',2,1788419717677973506,1788084197743726594,'2024-05-27 15:34:53','2024-05-27 15:34:53',0),(1794996218057732098,'java','public class Main {\n    public static void main(String[] args) {\n        int a = Integer.parseInt(args[0]);\n        int b = Integer.parseInt(args[1]);\n        System.out.println(a  b);\n    }\n}','{\"message\":\"Compile Error\"}',2,1788419717677973506,1788084197743726594,'2024-05-27 15:37:02','2024-05-27 15:37:02',0),(1794996299171377153,'java','public class Main {\n    public static void main(String[] args) {\n        int a = Integer.parseInt(args[0]);\n        int b = Integer.parseInt(args[1]);\n        System.out.println(a * b);\n    }\n}','{\"message\":\"Wrong Answer\",\"time\":144,\"memory\":798720}',2,1788419717677973506,1788084197743726594,'2024-05-27 15:37:21','2024-05-27 15:37:21',0),(1794996979005140994,'java','public class Main {\n    public static void main(String[] args) {\n        int a = Integer.parseInt(args[0]);\n        int b = Integer.parseInt(args[1]);\n        System.out.println(Math.pow(a, b));\n    }\n}','{\"message\":\"Accepted\",\"time\":146,\"memory\":135168}',2,1788435930848280578,1788084197743726594,'2024-05-27 15:40:03','2024-05-27 15:40:03',0),(1794997039919017986,'java','public class Main {\n    public static void main(String[] args) {\n        int a = Integer.parseInt(args[0]);\n        int b = Integer.parseInt(args[1]);\n        System.out.println(Math.pow(b, a));\n    }\n}','{\"message\":\"Wrong Answer\",\"time\":136,\"memory\":0}',2,1788435930848280578,1788084197743726594,'2024-05-27 15:40:18','2024-05-27 15:40:18',0),(1794997549585674242,'java','public class Main {\n    public static void main(String[] args) {\n        int a = Integer.parseInt(args[0]);\n        int b = Integer.parseInt(args[1]);\n        System.out.println(Math.pow(a, b));\n    }\n}','{\"message\":\"Accepted\",\"time\":141,\"memory\":139264}',2,1788435930848280578,1788084197743726594,'2024-05-27 15:42:19','2024-05-27 15:42:19',0),(1794997559870107650,'java','public class Main {\n    public static void main(String[] args) {\n        int a = Integer.parseInt(args[0]);\n        int b = Integer.parseInt(args[1]);\n        System.out.println(a + b);\n    }\n}','{\"message\":\"Run Error\"}',2,1788436027191443458,1788084197743726594,'2024-05-27 15:42:22','2024-05-27 15:42:22',0),(1794997609752965122,'java','public class Main {\n    public static void main(String[] args) {\n        int a = Integer.parseInt(args[0]);\n        int b = Integer.parseInt(args[1]);\n        System.out.println(a + b);\n    }\n}','{\"message\":\"Wrong Answer\",\"time\":136,\"memory\":1175552}',2,1788435930848280578,1788084197743726594,'2024-05-27 15:42:34','2024-05-27 15:42:34',0),(1794998399443939329,'java','public class Main {\n    public static void main(String[] args) {\n        int a = Integer.parseInt(args[0]);\n        int b = Integer.parseInt(args[1]);\n        System.out.println(a + b);\n    }\n}','{\"message\":\"Wrong Answer\",\"time\":223,\"memory\":823296}',2,1788435930848280578,1788084197743726594,'2024-05-27 15:45:42','2024-05-27 15:45:42',0),(1794998482335969282,'java','public class Main {\n    public static void main(String[] args) {\n        int a = Integer.parseInt(args[0]);\n        int b = Integer.parseInt(args[1]);\n        System.out.println(a  b);\n    }\n}','{\"message\":\"Compile Error\"}',2,1788435930848280578,1788084197743726594,'2024-05-27 15:46:02','2024-05-27 15:46:02',0),(1794998613307305986,'java','public class Main {\n    public static void main(String[] args) {\n        int a = Integer.parseInt(args[0]);\n        int b = Integer.parseInt(args[1]);\n        System.out.println(Math.round(Math.sqrt(a)));\n    }\n}','{\"message\":\"Run Error\"}',2,1788436027191443458,1788084197743726594,'2024-05-27 15:46:33','2024-05-27 15:46:33',0),(1794998660166070274,'java','public class Main {\n    public static void main(String[] args) {\n        int a = Integer.parseInt(args[0]);\n        System.out.println(Math.round(Math.sqrt(a)));\n    }\n}','{\"message\":\"Accepted\",\"time\":189,\"memory\":1318912}',2,1788436027191443458,1788084197743726594,'2024-05-27 15:46:44','2024-05-27 15:46:44',0);
/*!40000 ALTER TABLE `question_submit` ENABLE KEYS */;
UNLOCK TABLES;

--
-- Table structure for table `user`
--

DROP TABLE IF EXISTS `user`;
/*!40101 SET @saved_cs_client     = @@character_set_client */;
/*!40101 SET character_set_client = utf8 */;
CREATE TABLE `user` (
  `id` bigint(20) NOT NULL AUTO_INCREMENT COMMENT 'id',
  `userAccount` varchar(256) COLLATE utf8mb4_unicode_ci NOT NULL COMMENT '账号',
  `userPassword` varchar(512) COLLATE utf8mb4_unicode_ci NOT NULL COMMENT '密码',
  `unionId` varchar(256) COLLATE utf8mb4_unicode_ci DEFAULT NULL COMMENT '微信开放平台id',
  `mpOpenId` varchar(256) COLLATE utf8mb4_unicode_ci DEFAULT NULL COMMENT '公众号openId',
  `userName` varchar(256) COLLATE utf8mb4_unicode_ci DEFAULT NULL COMMENT '用户昵称',
  `userAvatar` varchar(1024) COLLATE utf8mb4_unicode_ci DEFAULT NULL COMMENT '用户头像',
  `userProfile` varchar(512) COLLATE utf8mb4_unicode_ci DEFAULT NULL COMMENT '用户简介',
  `userRole` varchar(256) COLLATE utf8mb4_unicode_ci NOT NULL DEFAULT 'user' COMMENT '用户角色：user/admin/ban',
  `createTime` datetime NOT NULL DEFAULT CURRENT_TIMESTAMP COMMENT '创建时间',
  `updateTime` datetime NOT NULL DEFAULT CURRENT_TIMESTAMP ON UPDATE CURRENT_TIMESTAMP COMMENT '更新时间',
  `isDelete` tinyint(4) NOT NULL DEFAULT '0' COMMENT '是否删除',
  PRIMARY KEY (`id`),
  KEY `idx_unionId` (`unionId`)
) ENGINE=InnoDB AUTO_INCREMENT=1788436724121190403 DEFAULT CHARSET=utf8mb4 COLLATE=utf8mb4_unicode_ci COMMENT='用户';
/*!40101 SET character_set_client = @saved_cs_client */;

--
-- Dumping data for table `user`
--

LOCK TABLES `user` WRITE;
/*!40000 ALTER TABLE `user` DISABLE KEYS */;
INSERT INTO `user` VALUES (1788084197743726594,'admin','b03d227f78c0c79334fca76e7b8eb46a',NULL,NULL,'admin',NULL,NULL,'admin','2024-05-08 13:51:08','2024-05-10 12:29:55',0),(1788436724121190402,'user','b03d227f78c0c79334fca76e7b8eb46a',NULL,NULL,'user',NULL,NULL,'user','2024-05-09 13:11:57','2024-05-10 12:29:55',0);
/*!40000 ALTER TABLE `user` ENABLE KEYS */;
UNLOCK TABLES;

--
-- Dumping events for database 'tongoj_db'
--

--
-- Dumping routines for database 'tongoj_db'
--
/*!40103 SET TIME_ZONE=@OLD_TIME_ZONE */;

/*!40101 SET SQL_MODE=@OLD_SQL_MODE */;
/*!40014 SET FOREIGN_KEY_CHECKS=@OLD_FOREIGN_KEY_CHECKS */;
/*!40014 SET UNIQUE_CHECKS=@OLD_UNIQUE_CHECKS */;
/*!40101 SET CHARACTER_SET_CLIENT=@OLD_CHARACTER_SET_CLIENT */;
/*!40101 SET CHARACTER_SET_RESULTS=@OLD_CHARACTER_SET_RESULTS */;
/*!40101 SET COLLATION_CONNECTION=@OLD_COLLATION_CONNECTION */;
/*!40111 SET SQL_NOTES=@OLD_SQL_NOTES */;

-- Dump completed on 2024-05-29 10:33:55
